"X","YCIMA","YBAIXO"
0,1,200
0.896552,0,0
2.45259,3.65517,-3.56897
4.00862,2.18966,-3.36207
5.56466,1.63793,-1.87931
7.12069,0,0
