"X","YCIMA","YBAIXO"
0,1,100
0.55,0,0
1.73438,2.1625,-1.55
2.91875,2.0375,-2.575
4.10313,2.2375,-1.6875
5.2875,0,0
