"X","YCIMA","YBAIXO"
0,1,200
0.940476,0,0
2.35119,0.571429,-1.86905
3.7619,0.845238,-1.34524
5.17262,1.36905,-0.75
6.58333,0,0
