"X","YCIMA","YBAIXO"
0,1,1000
0.407767,0,0
1.49029,1.4466,-0.427184
2.57282,1.24272,-2.70874
3.65534,0.76699,-1.6699
4.73786,0,0
