"X","YCIMA","YBAIXO"
0,1,100
0.442105,0,0
1.72632,2.93684,-2.01053
3.01053,1.97895,-2.36842
4.29474,1.22105,-2.28421
5.57895,0,0
