"X","YCIMA","YBAIXO"
0,1,200
0.941176,0,0
2.625,1.30882,-3.95588
4.30882,0.794118,-3.69118
5.99265,1.05882,-2.58824
7.67647,0,0
